{"linear_CKA": [0.8057130688829804, 0.7855459658871228, 0.3665605739498378], "kernel_CKA": [0.8479895821510914, 0.793218121828177, 0.3906476069310203]}