{"('full_with_prototypes', 10) Top 1": 77.22185850143433}
{"('full_with_prototypes', 10) Top 5": 89.26925659179688}
{"('full_with_prototypes', 20) Top 1": 77.22185850143433}
{"('full_with_prototypes', 20) Top 5": 89.26925659179688}
{"('full_with_prototypes', 100) Top 1": 77.22185850143433}
{"('full_with_prototypes', 100) Top 5": 89.26925659179688}
{"('full_with_prototypes', 200) Top 1": 77.22185850143433}
{"('full_with_prototypes', 200) Top 5": 89.26925659179688}
