{"('full', 10) Top 1": 43.383803963661194}
{"('full', 10) Top 5": 64.84529376029968}
{"('full', 20) Top 1": 44.832125306129456}
{"('full', 20) Top 5": 67.7419364452362}
{"('full', 100) Top 1": 45.556285977363586}
{"('full', 100) Top 5": 70.50691246986389}
{"('full', 200) Top 1": 45.42462229728699}
{"('full', 200) Top 5": 70.63857913017273}
