{"('full_with_prototypes', 10) Top 1": 63.59447240829468}
{"('full_with_prototypes', 10) Top 5": 83.7393045425415}
{"('full_with_prototypes', 20) Top 1": 63.59447240829468}
{"('full_with_prototypes', 20) Top 5": 83.7393045425415}
{"('full_with_prototypes', 100) Top 1": 63.59447240829468}
{"('full_with_prototypes', 100) Top 5": 83.7393045425415}
{"('full_with_prototypes', 200) Top 1": 63.59447240829468}
{"('full_with_prototypes', 200) Top 5": 83.7393045425415}
