{"('full', 10) Top 1": 46.13333344459534}
{"('full', 10) Top 5": 67.73333549499512}
{"('full', 20) Top 1": 47.6666659116745}
{"('full', 20) Top 5": 69.59999799728394}
{"('full', 100) Top 1": 47.999998927116394}
{"('full', 100) Top 5": 72.26666808128357}
{"('full', 200) Top 1": 48.13333451747894}
{"('full', 200) Top 5": 72.73333072662354}
