{"('full', 10) Top 1": 76.43186450004578}
{"('full', 10) Top 5": 87.4259352684021}
{"('full', 20) Top 1": 77.09019184112549}
{"('full', 20) Top 5": 88.21592926979065}
{"('full', 100) Top 1": 77.15602517127991}
{"('full', 100) Top 5": 88.94008994102478}
{"('full', 200) Top 1": 77.15602517127991}
{"('full', 200) Top 5": 88.742595911026}
