{"('full_with_prototypes', 10) Top 1": 42.72547662258148}
{"('full_with_prototypes', 10) Top 5": 70.50691246986389}
{"('full_with_prototypes', 20) Top 1": 42.72547662258148}
{"('full_with_prototypes', 20) Top 5": 70.50691246986389}
{"('full_with_prototypes', 100) Top 1": 42.72547662258148}
{"('full_with_prototypes', 100) Top 5": 70.50691246986389}
{"('full_with_prototypes', 200) Top 1": 42.72547662258148}
{"('full_with_prototypes', 200) Top 5": 70.50691246986389}
