{"('full', 10) Top 1": 46.20000123977661}
{"('full', 10) Top 5": 67.59999990463257}
{"('full', 20) Top 1": 47.333332896232605}
{"('full', 20) Top 5": 69.40000057220459}
{"('full', 100) Top 1": 47.53333330154419}
{"('full', 100) Top 5": 72.13333249092102}
{"('full', 200) Top 1": 47.866666316986084}
{"('full', 200) Top 5": 72.33333587646484}
