{"('full', 10) Top 1": 43.317973613739014}
{"('full', 10) Top 5": 64.77946043014526}
{"('full', 20) Top 1": 44.700461626052856}
{"('full', 20) Top 5": 67.87360310554504}
{"('full', 100) Top 1": 45.42462229728699}
{"('full', 100) Top 5": 70.70441246032715}
{"('full', 200) Top 1": 45.42462229728699}
{"('full', 200) Top 5": 70.63857913017273}
