{"('full', 10) Top 1": 64.38446640968323}
{"('full', 10) Top 5": 80.18433451652527}
{"('full', 20) Top 1": 65.1744544506073}
{"('full', 20) Top 5": 81.76431655883789}
{"('full', 100) Top 1": 64.97696042060852}
{"('full', 100) Top 5": 83.27847123146057}
{"('full', 200) Top 1": 64.64779376983643}
{"('full', 200) Top 5": 82.68597722053528}
