{"('full', 10) Top 1": 44.466665387153625}
{"('full', 10) Top 5": 67.03333258628845}
{"('full', 20) Top 1": 45.56666612625122}
{"('full', 20) Top 5": 69.70000267028809}
{"('full', 100) Top 1": 46.56666815280914}
{"('full', 100) Top 5": 71.70000076293945}
{"('full', 200) Top 1": 46.50000035762787}
{"('full', 200) Top 5": 71.70000076293945}
